{
    "requests": 6,
    "tokens": 1997,
    "errors": 3,
    "latencies": [
        23.49454092979431,
        28.915984869003296,
        24.50868511199951,
        0,
        0,
        0
    ]
}